{
	"count": 4,
	"next": null,
	"previous": null,
	"results": [{
		"id": 4,
		"url": "http://127.0.0.1:8000/api/jobs/4/",
		"ai_engine_config": "http://127.0.0.1:8000/api/jobs/4/download_ai_engine_config/",
		"status": "Pending",
		"use_case": "inferencing_from_pretrained_model",
		"created_at": "2022-03-21T10:05:14.120466+01:00",
		"updated_at": "2022-03-21T10:05:14.120575+01:00",
		"model_id": 1
	}, {
		"id": 3,
		"url": "http://127.0.0.1:8000/api/jobs/3/",
		"ai_engine_config": "http://127.0.0.1:8000/api/jobs/3/download_ai_engine_config/",
		"data_partners_patients": {
			"data-partner-1": ["1", "2"]
		},
		"status": "Pending",
		"use_case": "evaluating_from_pretrained_model",
		"created_at": "2022-03-21T10:03:06.903270+01:00",
		"updated_at": "2022-03-21T10:03:06.903310+01:00",
		"model_id": 1
	}, {
		"id": 2,
		"url": "http://127.0.0.1:8000/api/jobs/2/",
		"ai_engine_config": "http://127.0.0.1:8000/api/jobs/2/download_ai_engine_config/",
		"data_partners_patients": {
			"data-partner-1": ["1", "2"]
		},
		"status": "Pending",
		"use_case": "training_from_pretrained_model",
		"created_at": "2022-03-21T10:01:38.096039+01:00",
		"updated_at": "2022-03-21T10:01:38.096129+01:00",
		"model_name": "mnist_epochs_1_training_from_pretrained_model",
		"model_type": "default",
		"model_description": "testing_infrastructure",
		"model_id": 1
	}, {
		"id": 1,
		"url": "http://127.0.0.1:8000/api/jobs/1/",
		"ai_engine_config": "http://127.0.0.1:8000/api/jobs/1/download_ai_engine_config/",
		"data_partners_patients": {
			"data-partner-1": ["1", "2"]
		},
		"status": "Pending",
		"use_case": "training_from_scratch",
		"created_at": "2022-03-21T09:57:57.819330+01:00",
		"updated_at": "2022-03-21T09:57:57.819384+01:00",
		"model_name": "mnist_epochs_1_training_from_scratch",
		"model_type": "default",
		"model_description": "testing_infrastructure",
		"ai_engine_id": 1
	}]
}
