{
	"id": 1,
	"url": "http://127.0.0.1:8000/api/jobs/1/",
	"ai_engine_config": "http://127.0.0.1:8000/api/jobs/1/download_ai_engine_config/",
	"data_partners_patients": {
		"data-partner-1": ["1", "2"]
	},
	"status": "Succeeded",
	"result": "http://127.0.0.2:8000/api/models/1/",
	"use_case": "training_from_scratch",
	"created_at": "2022-03-21T09:57:57.819330+01:00",
	"updated_at": "2022-03-21T10:08:11.552771+01:00",
	"model_name": "mnist_epochs_1_training_from_scratch",
	"model_type": "default",
	"model_description": "testing_infrastructure",
	"ai_engine_id": 1
}
