{
	"id": 2,
	"url": "http://127.0.0.1:8000/api/jobs/2/",
	"ai_engine_config": "http://127.0.0.1:8000/api/jobs/2/download_ai_engine_config/",
	"data_partners_patients": {
		"data-partner-1": ["1", "2"]
	},
	"status": "Pending",
	"use_case": "training_from_pretrained_model",
	"created_at": "2022-03-21T10:01:38.096039+01:00",
	"updated_at": "2022-03-21T10:01:38.096129+01:00",
	"model_name": "mnist_epochs_1_training_from_pretrained_model",
	"model_type": "default",
	"model_description": "testing_infrastructure",
	"model_id": 1
}
